{"cellSize":80,"cellGap":4,"upscale":2.0,"orthoSize":0.30000001192092898,"camPos":{"x":1.0,"y":0.3333333432674408,"z":0.5},"prefabRotation":{"x":-90.0,"y":90.0,"z":0.0}}